T,U,Delta,kind,hilbert_mode,run,mu,mu_minus_U_over_2,ne_actual,dne,A_arith_0,A_typ_0,sigma,kappa,lorenz,L11,L12,L22,iterations,converged,diff,max_ImSigma_raw,max_ImSigma_thermal,n_causality_bad,n_causality_bad_thermal,status,error
0.02,0,0.05,typ,eta,target_ne,3.001860994776404,3.001860994776404,0.4985735943476949,-0.001426405652305063,4.063950885076242e-05,4.063755069925969e-05,2.189901364335508e-08,3.438055875271281e-09,7.849796185488258,2.189901364335508e-08,-1.380340649424944e-10,6.963117509773778e-11,238,True,0.001997017710587756,2.737077683969033,-0.007583200752208882,53,0,ok,
0.02,0,0.05,typ,eta,mu_U_over_2_diagnostic,0,0,0.4076431115498959,-0.09235688845010409,0.4278928012483906,0.4278927744091684,78.6122061096015,5.324949947709888,3.386846783237337,78.6122061096015,2.361444373377708e-13,0.1064989989541978,250,False,0.04033755319167973,2.711118295193341,0.4069677542328934,196,62,ok,
0.02,0.5,0.05,typ,eta,target_ne,3.250484913730817,3.000484913730817,0.5003789501413306,0.0003789501413306029,4.16506828988685e-05,4.164858567509613e-05,2.275478224103425e-08,3.90237959450929e-09,8.574855942747792,2.275478224103425e-08,-1.557019707468125e-10,7.91129988643173e-11,59,True,0.001968664214772599,2.725658591197248,-0.007687032465680648,54,0,ok,
0.02,0.5,0.05,typ,eta,mu_U_over_2_diagnostic,0.25,0,0.3990400900340831,-0.1009599099659169,0.4030073559540889,0.4030073482702303,68.44809581664529,5.198840305946094,3.797651522602206,68.44809581664529,0.0005640639563934124,0.1039768107672345,250,False,0.0406555373041484,2.698607305925586,0.3430119508522023,196,62,ok,
0.02,1,0.05,typ,eta,target_ne,3.791972041671038,3.291972041671038,0.5222396773423222,0.02223967734232224,3.576630316558028e-05,3.576466300490197e-05,1.724976023498842e-08,1.54740348434676e-09,4.485289833791708,1.724976023498842e-08,-6.607386529443013e-11,3.120116049025497e-11,250,False,0.004086676140972773,2.691111356787931,-0.007201129693273553,57,0,ok,
0.02,1,0.05,typ,eta,mu_U_over_2_diagnostic,0.5,0,0.3707305196029253,-0.1292694803970747,0.3169085747501825,0.3169085611193652,79.67242512252689,5.429874866473038,3.407624945595998,79.67242512252689,-4.669520120925696e-05,0.1085974973568283,250,False,0.0415877027230492,2.660960522293001,0.1247852210576337,198,62,ok,
0.02,1.5,0.05,typ,eta,target_ne,3.570842583180347,2.820842583180347,0.5020563270035333,0.002056327003533309,6.000417202978387e-05,5.999920716647813e-05,5.451803051582961e-08,1.165665407132808e-07,106.9064120717228,5.451803051582961e-08,-6.516749260534537e-09,3.110302844672082e-09,245,True,0.001965516456350879,2.632372948197309,-0.009606757850371517,55,0,ok,
0.02,1.5,0.05,typ,eta,mu_U_over_2_diagnostic,0.75,0,0.3124463299497788,-0.1875536700502212,0.05120630425759685,0.05120624707685208,0.02955472850175519,0.004737095216736414,8.014107144403454,0.02955472850175519,-1.167491194644559e-05,9.474651623867281e-05,250,False,0.0197196461283669,2.597673182418108,-0.4184457762850547,54,0,ok,
0.02,2,0.05,typ,eta,target_ne,4.184256336625345,3.184256336625345,0.5342494658971529,0.03424946589715294,5.011574044928683e-05,5.011200072067196e-05,2.956002228890906e-08,4.328525447814918e-09,7.321586914768639,2.956002228890906e-08,-1.839586258364894e-10,8.771532460254184e-11,250,False,0.003667639546725692,2.548170593201215,-0.008723629747417132,59,0,ok,
0.02,2,0.05,typ,eta,mu_U_over_2_diagnostic,1,0,0.2524756586857603,-0.2475243413142397,0.0008231758594385915,0.000823175683140294,4.969480860448743e-06,6.535559280017015e-07,6.575696197999699,4.969480860448743e-06,9.240172014112241e-11,1.307112027813661e-08,250,False,0.03643210289568988,2.513612127023598,-0.4895726377607881,56,0,ok,
0.02,0,0.5,typ,eta,target_ne,2.99844043251384,2.99844043251384,0.4987433297998095,-0.001256670200190546,4.104330141584363e-05,4.084469437588609e-05,2.206193097355113e-08,3.419160767593913e-09,7.749006131179002,2.206193097355113e-08,-1.375966836838112e-10,6.924138354139351e-11,227,True,0.001997335212250123,2.733321433293439,-0.007615236597488653,53,0,ok,
0.02,0,0.5,typ,eta,mu_U_over_2_diagnostic,0,0,0.4048079981547753,-0.09519200184522475,0.4201709675963258,0.4199366253263779,77.89207711245764,5.388819892134769,3.45915790918927,77.89207711245764,7.632783294297951e-13,0.1077763978426954,250,False,0.04176583968489676,2.706782249077514,0.3867840563470725,196,62,ok,
0.02,0.5,0.5,typ,eta,target_ne,3.275882433050972,3.025882433050972,0.5020164174360946,0.002016417436094597,4.116683567081913e-05,4.096280812117271e-05,2.20707022715539e-08,3.140923221697688e-09,7.115594200520538,2.20707022715539e-08,-1.280254528530598e-10,6.35611012733513e-11,70,True,0.001966309813756136,2.721780506061262,-0.007639703774504178,54,0,ok,
0.02,0.5,0.5,typ,eta,mu_U_over_2_diagnostic,0.25,0,0.3970314341000049,-0.1029685658999951,0.3982712144999508,0.3981955728106651,68.37955907343535,5.192740852688468,3.796997906283507,68.37955907343535,0.000545483005663927,0.103854821405241,250,False,0.03847908774803831,2.694560841768028,0.3303397937425049,196,62,ok,
0.02,1,0.5,typ,eta,target_ne,3.772103152419804,3.272103152419804,0.5217237968493919,0.02172379684939185,3.655118046292249e-05,3.63807501347915e-05,1.776752123120675e-08,1.56046578856695e-09,4.391343531438025,1.776752123120675e-08,-6.726740729150186e-11,3.146398855460679e-11,250,False,0.003470867050873282,2.687717538961012,-0.007260993224077125,57,0,ok,
0.02,1,0.5,typ,eta,mu_U_over_2_diagnostic,0.5,0,0.3721262241158476,-0.1278737758841524,0.3240049646323079,0.32393474279905,77.02604607954582,5.306083596679098,3.44434374263443,77.02604607954582,0.0005380952091667002,0.106121675692654,250,False,0.03997331400554564,2.657739445126294,0.1342890717630845,198,62,ok,
0.02,1.5,0.5,typ,eta,target_ne,3.566492460911098,2.816492460911098,0.5020471683675617,0.002047168367561691,6.108139838818665e-05,6.057092707522847e-05,5.544659654118882e-08,1.190815420850262e-07,107.3839960551644,5.544659654118882e-08,-6.672647035975014e-09,3.184641688969231e-09,246,True,0.001958842745760698,2.629586437808551,-0.00968903537783697,55,0,ok,
0.02,1.5,0.5,typ,eta,mu_U_over_2_diagnostic,0.75,0,0.3224321726551123,-0.1775678273448877,0.1252284090728512,0.1247942517612956,0.1166927497931975,0.01004890838701405,4.305712396366825,0.1166927497931975,-3.336826901779739e-07,0.0002009781686944461,250,False,0.01589481989755414,2.595778784385573,-0.3672271920826964,54,0,ok,
0.02,2,0.5,typ,eta,target_ne,3.801288702715139,2.801288702715139,0.5100668430824405,0.01006684308244055,7.663165262238053e-05,7.575820725002423e-05,6.117297145786491e-08,2.341869745774086e-08,19.14137641153441,6.117297145786491e-08,-1.067245659690683e-09,4.869935007473556e-10,250,False,0.004079164603696421,2.546136275652868,-0.01134979904592307,57,0,ok,
0.02,2,0.5,typ,eta,mu_U_over_2_diagnostic,1,0,0.2582369172275382,-0.2417630827724618,0.0009672224694618276,0.0009656395526299059,6.834533249520717e-06,1.21285675285057e-06,8.873003529067795,6.834533249520717e-06,-9.004378678325544e-10,2.425725368813429e-08,250,False,0.0343071983081491,2.511859261205268,-0.4900164285832778,56,0,ok,
0.02,0,1,typ,eta,target_ne,2.993819478699286,2.993819478699286,0.4996567599094777,-0.0003432400905222788,4.212907058303169e-05,4.130618823361806e-05,2.239801749164679e-08,3.239924964393755e-09,7.232615488406654,2.239801749164679e-08,-1.317806887952455e-10,6.557384246036017e-11,92,True,0.001983731195797869,2.721925080122962,-0.007697821744867994,53,0,ok,
0.02,0,1,typ,eta,mu_U_over_2_diagnostic,0,0,0.397100918097643,-0.102899081902357,0.3996285722335721,0.3963369678899488,72.71998051839434,5.485563837932002,3.771703319244181,72.71998051839434,9.147127499886665e-13,0.10971127675864,250,False,0.044482775351243,2.693674257334483,0.3254083510563512,196,62,ok,
0.02,0.5,1,typ,eta,target_ne,3.244819887911881,2.994819887911881,0.5013808036837479,0.001380803683747933,4.317273950021943e-05,4.229160612670315e-05,2.321583506996812e-08,3.574975830449137e-09,7.699434070915044,2.321583506996812e-08,-1.448629952668637e-10,7.240343789091991e-11,115,True,0.001996762406345064,2.710905881926296,-0.007806714283627086,54,0,ok,
0.02,0.5,1,typ,eta,mu_U_over_2_diagnostic,0.25,0,0.3912868276975251,-0.1087131723024749,0.3836868535333264,0.3823032317255358,65.50359152292704,4.797833159101899,3.66226724943975,65.50359152292704,0.0003946786417383663,0.0959566655600943,250,False,0.03064084827039253,2.682279287835275,0.2877194516653382,196,62,ok,
0.02,1,1,typ,eta,target_ne,3.422213940481055,2.922213940481055,0.5012401476986199,0.001240147698619909,4.959744118723473e-05,4.837422225638567e-05,2.871066357625339e-08,6.884965461316788e-09,11.99025832863603,2.871066357625339e-08,-2.703222753625386e-10,1.402445005752957e-10,139,True,0.001973190864349571,2.677422584502543,-0.008491977845533969,54,0,ok,
0.02,1,1,typ,eta,mu_U_over_2_diagnostic,0.5,0,0.3737154102006152,-0.1262845897993848,0.3330143984533301,0.3327936952392392,79.18706170629268,5.290453146238105,3.340478250007914,79.18706170629268,-7.032506102222502e-05,0.1058090629872169,250,False,0.0319739163097296,2.64767170053845,0.1457829383153927,198,62,ok,
0.02,1.5,1,typ,eta,target_ne,3.516621452828177,2.766621452828177,0.4998293881613317,-0.0001706118386683442,6.723642399088887e-05,6.482611152479544e-05,5.204499352124712e-08,5.792352026138714e-08,55.64754296466588,5.204499352124712e-08,-2.764327867991011e-09,1.305295451111015e-09,153,True,0.001982915563166011,2.621029350946567,-0.01021794541870477,55,0,ok,
0.02,1.5,1,typ,eta,mu_U_over_2_diagnostic,0.75,0,0.3412889881853695,-0.1587110118146305,0.2202216710585513,0.2155228305752201,0.5016497379359844,0.03452350465778987,3.440996979270366,0.5016497379359844,-2.563414077012827e-08,0.0006904700931571073,250,False,0.02265212162088552,2.589032618666133,-0.2134907299375958,52,0,ok,
0.02,2,1,typ,eta,target_ne,3.700124792860188,2.700124792860188,0.5023286817266798,0.002328681726679771,9.314880425884673e-05,8.819611866267876e-05,9.104040010483366e-08,1.421881593308106e-07,78.09069334442725,9.104040010483366e-08,-7.183070122437462e-09,3.410506042803575e-09,245,True,0.001972545376211715,2.539916053419025,-0.01338983630095308,56,0,ok,
0.02,2,1,typ,eta,mu_U_over_2_diagnostic,1,0,0.2791518853763817,-0.2208481146236183,0.001876650813039852,0.00182209132490103,2.592610543485073e-05,7.429310192878188e-06,14.32785616711152,2.592610543485073e-05,-5.282352040235995e-08,1.486938299070956e-07,250,False,0.02359592610986964,2.506557520634458,-0.7412302007685645,56,0,ok,
0.02,0,1.5,typ,eta,target_ne,2.97715223124201,2.97715223124201,0.5001785629833988,0.0001785629833988001,4.438525892977605e-05,4.239190936900367e-05,2.324819526983268e-08,3.128536087857452e-09,6.728556886987917,2.324819526983268e-08,-1.290707276958076e-10,6.328730438021152e-11,40,True,0.001992584911619294,2.702946965333432,-0.00787526595792672,53,0,ok,
0.02,0,1.5,typ,eta,mu_U_over_2_diagnostic,0,0,0.3866462479028493,-0.1133537520971507,0.3723371675597236,0.3584728605078558,63.59584734271827,4.244024891477243,3.336715421532302,63.59584734271827,4.709566070459914e-13,0.08488049782954485,250,False,0.04165710989039096,2.671931874165629,0.2213162183645822,196,62,ok,
0.02,0.5,1.5,typ,eta,target_ne,0.25,0,0.3827732632431162,-0.1172267367568838,0.3610919188321041,0.353766095235482,65.13083807938352,4.462321294132713,3.425659354094212,65.13083807938352,-0.0003759229360046357,0.08924642805241068,250,False,0.01766498172180483,2.66177720942961,0.207804489948011,196,62,ok,
0.02,0.5,1.5,typ,eta,mu_U_over_2_diagnostic,0.25,0,0.3827732632431162,-0.1172267367568838,0.3610919188321041,0.353766095235482,65.13083807938352,4.462321294132713,3.425659354094212,65.13083807938352,-0.0003759229360046357,0.08924642805241068,250,False,0.01766498172180483,2.66177720942961,0.207804489948011,196,62,ok,
0.02,1,1.5,typ,eta,target_ne,0.5,0,0.3724725580888751,-0.1275274419111249,0.3295527541934382,0.3290938082657302,76.31931624689702,5.632068414098425,3.689805340943036,76.31931624689702,-0.0004265313452059827,0.1126413706657554,250,False,0.01681429675507867,2.630283045945775,0.1344722105555434,198,62,ok,
0.02,1,1.5,typ,eta,mu_U_over_2_diagnostic,0.5,0,0.3724725580888751,-0.1275274419111249,0.3295527541934382,0.3290938082657302,76.31931624689702,5.632068414098425,3.689805340943036,76.31931624689702,-0.0004265313452059827,0.1126413706657554,250,False,0.01681429675507867,2.630283045945775,0.1344722105555434,198,62,ok,
0.02,1.5,1.5,typ,eta,target_ne,3.501444585186256,2.751444585186256,0.4999675885994781,-3.241140052190339e-05,7.41565889972177e-05,6.787465798242986e-05,5.153464829729955e-08,2.067983017359682e-08,20.06400631114859,5.153464829729955e-08,-9.448789066984625e-10,4.309207955993999e-10,197,True,0.001972982806325792,2.606525146366097,-0.01069129914529731,55,0,ok,
0.02,1.5,1.5,typ,eta,mu_U_over_2_diagnostic,0.75,0,0.3544497257006367,-0.1455502742993633,0.2706213839237681,0.2624735941336068,1.689190867294863,0.1112967581996857,3.294380769945811,1.689190867294863,3.178834989681079e-08,0.002225935163994311,250,False,0.03518314933623785,2.57598945040312,-0.08996160053543767,52,0,ok,
0.02,2,1.5,typ,eta,target_ne,2.406227019887002,1.406227019887002,0.5006564675788259,0.00065646757882587,0.2421724689939626,0.1886560988384083,0.3141819366053955,0.02047833643389385,3.258993285093618,0.3141819366053955,-0.00110893451919046,0.0004134808167414334,233,True,0.001953417887937669,2.529164083178618,-0.2999997883756997,58,0,ok,
0.02,2,1.5,typ,eta,mu_U_over_2_diagnostic,1,0,0.3181941611668762,-0.1818058388331238,0.07919837919374312,0.06649604116454211,0.03033230657233879,0.002899569983047332,4.77967274946964,0.03033230657233879,-5.599089767259317e-05,5.809475416894312e-05,250,False,0.01813901421690281,2.498005095587688,-0.8533753049423809,56,0,ok,
0.02,0,2,typ,eta,target_ne,0,0,0.3755016949013033,-0.1244983050986967,0.3434282424580316,0.3079660090457401,77.24979420444919,5.455609682497475,3.53114836012292,77.24979420444919,7.854827899222983e-13,0.1091121936499495,250,False,0.0259092941867859,2.641705175954476,0.06777590851543785,194,62,ok,
0.02,0,2,typ,eta,mu_U_over_2_diagnostic,0,0,0.3755016949013033,-0.1244983050986967,0.3434282424580316,0.3079660090457401,77.24979420444919,5.455609682497475,3.53114836012292,77.24979420444919,7.854827899222983e-13,0.1091121936499495,250,False,0.0259092941867859,2.641705175954476,0.06777590851543785,194,62,ok,
0.02,0.5,2,typ,eta,target_ne,3.041494404722895,2.791494404722895,0.4915198192810525,-0.008480180718947516,5.754727926714101e-05,5.188165980160423e-05,3.202357670094082e-08,7.173144914846602e-09,11.19978724087347,3.202357670094082e-08,-2.849838748017109e-10,1.45999023778962e-10,250,False,0.003911854520615375,2.666681119009918,-0.009044146084145334,52,0,ok,
0.02,0.5,2,typ,eta,mu_U_over_2_diagnostic,0.25,0,0.3730211378217638,-0.1269788621782362,0.3346855058304743,0.312913783894156,77.20191704166827,5.46644269404285,3.540354244760814,77.20191704166827,-0.0002040112241880054,0.1093288544199703,250,False,0.03094392159744697,2.633103507580867,0.08375916184420762,196,62,ok,
0.02,1,2,typ,eta,target_ne,3.604810448327296,3.104810448327296,0.5178391982652573,0.01783919826525726,4.747016825987208e-05,4.327072385727766e-05,2.34412751818159e-08,2.078689679487427e-09,4.433823807289992,2.34412751818159e-08,-9.370045843561476e-11,4.194833703258373e-11,250,False,0.003343879499980408,2.636853421706804,-0.00813698467615088,56,0,ok,
0.02,1,2,typ,eta,mu_U_over_2_diagnostic,0.5,0,0.3681385835098048,-0.1318614164901952,0.3141073350047415,0.3097280963891073,77.60767837492062,5.402602022616119,3.480713594160292,77.60767837492062,-0.0003038021163160876,0.1080520416415826,250,False,0.030054707262166,2.605272486974365,0.0734972182428511,198,62,ok,
0.02,1.5,2,typ,eta,target_ne,2.630056017198835,1.880056017198835,0.5180959962334249,0.01809599623342495,0.002542804377941006,0.0005016912972217895,2.523754125979037e-06,6.229574981473215e-07,12.34188171769027,2.523754125979037e-06,-1.035899182714677e-07,1.671109790709354e-08,250,False,0.003356631417533862,2.586406746361048,-0.06537090035241425,55,0,ok,
0.02,1.5,2,typ,eta,mu_U_over_2_diagnostic,0.75,0,0.3605080436255497,-0.1394919563744503,0.2833777917651988,0.276672905918199,3.892423114986164,0.2490031846027566,3.198562659389121,3.892423114986164,2.608815508897688e-07,0.004980063692072618,250,False,0.0269988838095237,2.556045464291202,-0.03942236578497726,54,0,ok,
0.02,2,2,typ,eta,target_ne,2.519976241012125,1.519976241012125,0.4998646894623004,-0.0001353105376995511,0.2175900045860182,0.1164510241636541,0.08903969852504567,0.00577360769141571,3.242153661263617,0.08903969852504567,-0.000406920367659748,0.0001173318207898973,166,True,0.001996713578944121,2.513804789197218,-0.6978319546605996,58,0,ok,
0.02,2,2,typ,eta,mu_U_over_2_diagnostic,1,0,0.3449271496898704,-0.1550728503101296,0.2239507839469971,0.1896709787771867,0.3126859186157677,0.0205758341767312,3.290176012373464,0.3126859186157677,8.695294310967494e-10,0.0004115166835346265,250,False,0.03309440952058117,2.484413760835112,-0.4263130405536806,58,0,ok,
0.02,0,0.05,typ,pv,target_ne,0.03376553691139011,0.03376553691139011,0.4986670903237789,-0.001332909676221128,0.6354094950887159,0.635408286525458,173.0398686095415,12.42461621006049,3.590102185669191,173.0398686095415,0.2479753820261734,0.2488476861798402,73,True,0.001985135853039448,0.2103754181773163,0.00146850239248969,105,31,ok,
0.02,0,0.05,typ,pv,mu_U_over_2_diagnostic,0,0,0.4798878558047986,-0.02011214419520141,0.6357152127322194,0.6357150244953798,183.5337122821606,12.27589334418704,3.344315655021012,183.5337122821606,-6.654676809603188e-13,0.2455178668837408,79,True,0.001947728034315094,0.2107978150161253,0.001339178781308514,104,32,ok,
0.02,0.5,0.05,typ,pv,target_ne,0.2834850265080461,0.03348502650804613,0.4978617024381553,-0.002138297561844749,0.550897806130592,0.5508978059809339,1.072087416489248,0.07097930426885032,3.31033193642387,1.072087416489248,0.0001336408519873183,0.001419602744351867,58,True,0.001935565251664476,0.1211668720981557,-0.1283484550347498,4,0,ok,
0.02,0.5,0.05,typ,pv,mu_U_over_2_diagnostic,0.25,0,0.4821656075775929,-0.01783439242240714,0.5509032718397459,0.550903271835985,1.07047375372893,0.07088694435439835,3.311008051690572,1.07047375372893,2.800877835044957e-08,0.0014177388870887,109,True,0.00189849492815061,0.1157611096256901,-0.1318680747996097,4,0,ok,
0.02,1,0.05,typ,pv,target_ne,0.6353529365588689,0.1353529365588689,0.4968385574140082,-0.003161442585991769,0.3517868916060865,0.3515924963766791,0.1959431391292636,0.01224320851502611,3.124173821403686,0.1959431391292636,0.001371045178101184,0.0002544575905588066,127,True,0.001961878721814566,0.0006350958538675093,-0.3681236379151963,1,0,ok,
0.02,1,0.05,typ,pv,mu_U_over_2_diagnostic,0.5,0,0.4663461602879326,-0.03365383971206737,0.1149160830150052,0.114912441395579,0.05109784413617521,0.006663439878273304,6.520274965530158,0.05109784413617521,-3.470850817781346e-06,0.000133269033325029,159,True,0.001989881876525009,-0.000155729087636658,-0.5090956279241039,0,0,ok,
0.02,1.5,0.05,typ,pv,target_ne,1.25,0.5,0.5788491714159989,0.0788491714159989,0.4064093874921542,0.4061693111738609,0.2933257219659424,0.01901104583664354,3.240603263366532,0.2933257219659424,0.0009207820337919655,0.0003831113538485509,209,True,0.00196539877400141,0.0009377118626718674,-0.3428208840202634,1,0,ok,
0.02,1.5,0.05,typ,pv,mu_U_over_2_diagnostic,0.75,0,0.4508126375389815,-0.04918736246101846,0.001020909237394793,0.001020908378247131,8.674179759787512e-06,1.624665570453616e-05,93.6495216519132,8.674179759787512e-06,6.778790732956366e-09,3.249384116525762e-07,250,False,0.002137830749908986,-0.0002422690759653616,-0.02816742280024617,0,0,ok,
0.02,2,0.05,typ,pv,target_ne,1.5,0.5,0.4981915112822449,-0.00180848871775513,0.2521210808574926,0.2516198667296471,0.09973172370237667,0.005961628799196582,2.988832729386845,0.09973172370237667,0.001052509340166373,0.0001303401340408176,193,True,0.001996824847226915,-0.0001698392901196034,-0.01074466253707462,0,0,ok,
0.02,2,0.05,typ,pv,mu_U_over_2_diagnostic,1,0,0.4662933821533216,-0.03370661784667844,0.0004247978239874326,0.0004247977278563847,2.16499552177092e-07,1.538109978967762e-08,3.552224389151671,2.16499552177092e-07,-8.698619119378387e-13,3.076219992885238e-10,250,False,0.00260736040066399,-0.0001704527326309626,-0.02958669465051442,0,0,ok,
0.02,0,0.5,typ,pv,target_ne,0.03617765056182023,0.03617765056182023,0.4973977234181541,-0.002602276581845919,0.611132790886354,0.6094288918121191,3.673729543050936,0.2416171250346963,3.28844464737107,3.673729543050936,-0.0003629474462100331,0.004832378358218866,69,True,0.001983165376640191,0.1800602971169388,-0.03931992391911082,4,0,ok,
0.02,0,0.5,typ,pv,mu_U_over_2_diagnostic,0,0,0.4792819033217883,-0.02071809667821173,0.6113821697825785,0.6097743773350249,3.682857211794345,0.2421656968087314,3.287742137180829,3.682857211794345,-4.85722573273506e-17,0.004843313936174628,68,True,0.001953096507779689,0.1806596693703248,-0.03969857743898098,4,0,ok,
0.02,0.5,0.5,typ,pv,target_ne,0.2843961656769646,0.03439616567696463,0.4965386769350502,-0.003461323064949839,0.5470556740112464,0.5469958330675641,1.016411062450014,0.06678048292141012,3.285111968401774,1.016411062450014,-5.246839113462638e-05,0.001335612366911187,47,True,0.001975775009230462,0.1051145237881632,-0.1449750517522058,4,0,ok,
0.02,0.5,0.5,typ,pv,mu_U_over_2_diagnostic,0.25,0,0.4825470056138686,-0.0174529943861314,0.5472355080223152,0.5471869448512922,1.017354383603042,0.06684172459399618,3.285075764713908,1.017354383603042,3.855685815276622e-07,0.001336834492026051,89,True,0.001970843443823448,0.1022715995927392,-0.146130702189158,4,0,ok,
0.02,1,0.5,typ,pv,target_ne,0.5633034461313657,0.06330344613136574,0.4963430847928905,-0.003656915207109535,0.3110162457887984,0.303428981717306,0.1350367714811186,0.009330743620620658,3.454889923047856,0.1350367714811186,0.0008101202622276336,0.0001914749918604224,140,True,0.001984408813042713,-0.0002021877392507317,-0.4778014870353066,0,0,ok,
0.02,1,0.5,typ,pv,mu_U_over_2_diagnostic,0.5,0,0.4792772090272563,-0.02072279097274365,0.2739799425196175,0.2710533005558308,0.109876142776277,0.008813103987701616,4.010472048352805,0.109876142776277,-5.490480095149321e-06,0.0001762623541117856,99,True,0.001934816228280663,-0.0001967364578190989,-0.5407770801411951,0,0,ok,
0.02,1.5,0.5,typ,pv,target_ne,1.015017152043392,0.2650171520433922,0.4965607684608864,-0.003439231539113574,0.2912566693568066,0.2511875218488036,0.09265464726427751,0.005614547134132621,3.029824892710632,0.09265464726427751,0.0008894608910975581,0.0001208295395059235,239,True,0.001998517196106269,-0.0002903896286493067,-0.03331019428468818,0,0,ok,
0.02,1.5,0.5,typ,pv,mu_U_over_2_diagnostic,0.75,0,0.457865612300571,-0.04213438769942895,0.00126782165584073,0.001261065327923023,1.980676748975263e-05,3.183505856621376e-05,80.36409419831928,1.980676748975263e-05,2.470216701911084e-08,6.367319788276072e-07,250,False,0.002435472618777846,-0.0003785209986013939,-0.04027350517563992,0,0,ok,
0.02,2,0.5,typ,pv,target_ne,1.5,0.5,0.5047519129754661,0.004751912975466066,0.2955760086476931,0.2465155446597332,0.09208338834978587,0.005605988251830069,3.043973702691787,0.09208338834978587,0.000841706695820842,0.0001198135540520366,245,True,0.001982928853427577,-0.0003156129383368874,-0.01279718969247089,0,0,ok,
0.02,2,0.5,typ,pv,mu_U_over_2_diagnostic,1,0,0.4615846317294197,-0.03841536827058029,0.0004628591929634327,0.0004621013781966147,2.563327788892005e-07,1.843135930813285e-08,3.59520139952522,2.563327788892005e-07,-5.833106252965057e-13,3.686271874900381e-10,250,False,0.002142267712452415,-0.0003588640404745954,-0.03597466914655422,0,0,ok,
0.02,0,1,typ,pv,target_ne,0.05100768641844373,0.05100768641844373,0.4983631310078007,-0.001636868992199281,0.55429225146637,0.533854678535258,0.8687424860521673,0.05693373315268781,3.276789961741838,0.8687424860521673,-0.000132353209319697,0.001138694827109617,44,True,0.001996239449475482,0.08465533184419932,-0.1686109344306325,4,0,ok,
0.02,0,1,typ,pv,mu_U_over_2_diagnostic,0,0,0.4771780908103989,-0.02282190918960109,0.5544751625407759,0.5345213528425573,0.8717252174692292,0.05712695087352661,3.276660450375414,0.8717252174692292,-8.673617379884035e-19,0.001142539017470532,76,True,0.001964435510282359,0.08459060599333273,-0.1703215122535137,4,0,ok,
0.02,0.5,1,typ,pv,target_ne,0.2760774641432179,0.02607746414321788,0.5013034092566163,0.001303409256616317,0.5182213816687758,0.5142029683497519,0.7005899519102341,0.0458740382468914,3.273957763868215,0.7005899519102341,-5.762919923733064e-05,0.000917485505406337,15,True,0.001904755127327235,0.05072596257431583,-0.2106615619465693,4,0,ok,
0.02,0.5,1,typ,pv,mu_U_over_2_diagnostic,0.25,0,0.4824264673383216,-0.01757353266167838,0.5183008555558919,0.5143416805096176,0.7011896534086197,0.04591473239053187,3.274059462181979,0.7011896534086197,2.408468440757289e-06,0.0009182946560833212,80,True,0.001995058886887946,0.05038920555674836,-0.2110387301470904,4,0,ok,
0.02,1,1,typ,pv,target_ne,0.5135532494327882,0.01355324943278824,0.5005969796435277,0.0005969796435276731,0.4043996222474291,0.392968852541387,0.2565780623733254,0.01687902252336767,3.289256760152863,0.2565780623733254,-3.89494195935855e-07,0.0003375804510586188,12,True,0.001952234160958848,-0.0004599587013645913,-0.4885903372218314,0,0,ok,
0.02,1,1,typ,pv,mu_U_over_2_diagnostic,0.5,0,0.4912822543962914,-0.008717745603708638,0.4044032436781575,0.392971580863024,0.256580380849584,0.01687924339721321,3.289270080066721,0.256580380849584,1.083643182894778e-07,0.0003375848679900309,89,True,0.001829066843889029,-0.0004638170921957246,-0.4900357915248493,0,0,ok,
0.02,1.5,1,typ,pv,target_ne,0.9336956493847514,0.1836956493847514,0.4953627028798288,-0.004637297120171191,0.2928015453319619,0.1826004181870358,0.04400664193154273,0.002627750885737206,2.985629862220534,0.04400664193154273,0.0004597343115291189,5.735782992490868e-05,86,True,0.001996549952101389,-0.0009320299048387857,-0.1789789497192817,0,0,ok,
0.02,1.5,1,typ,pv,mu_U_over_2_diagnostic,0.75,0,0.4920519872084467,-0.007948012791553272,0.003652355316647153,0.003266733977840969,0.0004208075873842372,0.0002762141108878845,32.81952597443007,0.0004208075873842372,1.994493247878863e-07,5.524376750352518e-06,236,True,0.001966500386771337,-0.0009381741148822638,-0.2136271638404967,0,0,ok,
0.02,2,1,typ,pv,target_ne,1.381183818131746,0.3811838181317455,0.5047849156687604,0.004784915668760381,0.3009819128464809,0.1081379409466809,0.01683565548984908,0.0008935234716250874,2.653664041069948,0.01683565548984908,0.0003724365294928044,2.610946960592998e-05,32,True,0.001989321104520225,-0.001168103994263972,-0.03234308518186164,0,0,ok,
0.02,2,1,typ,pv,mu_U_over_2_diagnostic,1,0,0.4821797941092892,-0.01782020589071076,0.0006285755377763708,0.0006103054409138993,4.490251923006757e-07,3.563933621232912e-08,3.968523016461885,4.490251923006757e-07,2.092206197454096e-13,7.127867243440675e-10,203,True,0.001997954977798732,-0.001235025675524813,-0.06248560663558927,0,0,ok,
0.02,0,1.5,typ,pv,target_ne,0,0,0.4981220351595123,-0.001877964840487689,0.4911111812185107,0.4176483126774684,0.3085081011536985,0.02019250457168825,3.272605240539268,0.3085081011536985,0,0.0004038500914337649,82,True,0.001999625597768262,0.0009221101797157478,-0.4241412487450442,2,0,ok,
0.02,0,1.5,typ,pv,mu_U_over_2_diagnostic,0,0,0.4981220351595123,-0.001877964840487689,0.4911111812185107,0.4176483126774684,0.3085081011536985,0.02019250457168825,3.272605240539268,0.3085081011536985,0,0.0004038500914337649,82,True,0.001999625597768262,0.0009221101797157478,-0.4241412487450442,2,0,ok,
0.02,0.5,1.5,typ,pv,target_ne,0.2861862865803001,0.0361862865803001,0.4974474644902792,-0.002552535509720844,0.4673320664087768,0.4389999922796038,0.3639036478495736,0.02382792726635593,3.273933554549809,0.3639036478495736,-4.219894300344336e-05,0.0004765634387949393,34,True,0.001967894264595386,0.0008801345508542089,-0.3699920355311645,2,0,ok,
0.02,0.5,1.5,typ,pv,mu_U_over_2_diagnostic,0.25,0,0.4858517135433684,-0.01414828645663158,0.4673824958138148,0.4392741582275051,0.3645173013092232,0.0238684573802074,3.273981412470677,0.3645173013092232,6.056733786933936e-07,0.0004773691486105206,107,True,0.001980587147366998,0.0008829307666744389,-0.3718364445410497,2,0,ok,
0.02,1,1.5,typ,pv,target_ne,0.5103140362028902,0.01031403620289018,0.4958546574058239,-0.004145342594176149,0.4191013850824712,0.410136868409685,0.2913251439422949,0.01904847452146642,3.269280890708066,0.2913251439422949,-1.283618691089086e-05,0.0003809700560093955,1,True,0.001764800170943261,-0.00112703845270122,-0.4497752479423817,0,0,ok,
0.02,1,1.5,typ,pv,mu_U_over_2_diagnostic,0.5,0,0.4770574295517206,-0.02294257044827941,0.41911275689341,0.4101533786654196,0.291382726961663,0.01905228328560469,3.269288383060431,0.291382726961663,5.269126576346213e-07,0.0003810456666649194,128,True,0.001979941936785442,-0.001128481615871226,-0.4496883631021997,0,0,ok,
0.02,1.5,1.5,typ,pv,target_ne,0.7985908733083179,0.04859087330831791,0.497272195037072,-0.002727804962928015,0.3077654984022599,0.2297437326209809,0.06839285788376309,0.004499780860045973,3.289656989983928,0.06839285788376309,-8.501684739732097e-08,8.999561730660103e-05,1,True,0.001822634361743232,-0.002455377458808816,-1.179376423711713,0,0,ok,
0.02,1.5,1.5,typ,pv,mu_U_over_2_diagnostic,0.75,0,0.4815618367995127,-0.0184381632004873,0.307783120643697,0.2297525004252049,0.06839447893573761,0.00450000185516972,3.289740579351333,0.06839447893573761,1.130005858448937e-08,9.000003710526137e-05,122,True,0.001979505528066584,-0.002468293356791823,-1.187124572473601,0,0,ok,
0.02,2,1.5,typ,pv,target_ne,1.000267072612063,0.0002670726120626021,0.4952174413338408,-0.004782558666159176,0.001380411773509887,0.001123792342543679,1.557907456916127e-06,1.493663696788899e-07,4.793813939839541,1.557907456916127e-06,1.561138873315112e-09,2.988891770570127e-09,1,True,0.001977094275324105,-0.006572460494477946,-0.3336050408732915,0,0,ok,
0.02,2,1.5,typ,pv,mu_U_over_2_diagnostic,1,0,0.5115859661722338,0.01158596617223384,0.001381498040568165,0.001124265013228672,1.557036796317403e-06,1.461885834906804e-07,4.694448578107969,1.557036796317403e-06,-1.326456634182105e-09,2.924901692692019e-09,155,True,0.001965848678090213,-0.006589100936241359,-0.3293137700454633,0,0,ok,
0.02,0,2,typ,pv,target_ne,0,0,0.4993869086812458,-0.0006130913187541998,0.4338483441486548,0.2669764761092878,0.09569142769804029,0.006247565479412596,3.264433204574574,0.09569142769804029,-1.084202172485504e-19,0.0001249513095882519,88,True,0.001980987997372041,-0.007292290563339382,-0.9575102105358492,0,0,ok,
0.02,0,2,typ,pv,mu_U_over_2_diagnostic,0,0,0.4993869086812458,-0.0006130913187541998,0.4338483441486548,0.2669764761092878,0.09569142769804029,0.006247565479412596,3.264433204574574,0.09569142769804029,-1.084202172485504e-19,0.0001249513095882519,88,True,0.001980987997372041,-0.007292290563339382,-0.9575102105358492,0,0,ok,
0.02,0.5,2,typ,pv,target_ne,0.1954804820383654,-0.05451951796163457,0.5012454293578087,0.001245429357808692,0.4137572286171681,0.3307832011951603,0.1606513270234852,0.01051331980434149,3.272092424983386,0.1606513270234852,2.989619861193198e-05,0.000210271959580814,62,True,0.001910340714316104,-0.003019066670146271,-0.6784827481798816,0,0,ok,
0.02,0.5,2,typ,pv,mu_U_over_2_diagnostic,0.25,0,0.5121468223679091,0.01214682236790909,0.4137590044371633,0.3314800035563134,0.1612799147464756,0.01055478988321937,3.272196013933603,0.1612799147464756,5.184849093092369e-07,0.0002110957993312199,84,True,0.001974303757874683,-0.003028882158323991,-0.6853833131946145,0,0,ok,
0.02,1,2,typ,pv,target_ne,0.5062838961500254,0.006283896150025448,0.4963861216545784,-0.003613878345421595,0.3871677307226493,0.362835287511159,0.2044970706803155,0.01338403453760265,3.272426957774259,0.2044970706803155,-3.962288279887091e-06,0.0002676807675244408,1,True,0.001835058336850356,-0.002451638952848834,-0.5788748285710303,0,0,ok,
0.02,1,2,typ,pv,mu_U_over_2_diagnostic,0.5,0,0.4825459229020883,-0.01745407709791175,0.3871677108420675,0.362834917954358,0.2045065505878677,0.0133846744559645,3.272431718565825,0.2045065505878677,8.162997848497767e-07,0.0002676934923775979,117,True,0.001954708430560812,-0.00245110032673732,-0.5790158473662185,0,0,ok,
0.02,1.5,2,typ,pv,target_ne,0.634727389340412,-0.115272610659588,0.5015968163493459,0.001596816349345942,0.354307998223481,0.2949812790729141,0.1215912355122729,0.007922090871537077,3.257673482040347,0.1215912355122729,8.567916857173531e-05,0.0001585021911895591,60,True,0.001979187721955867,-0.005207911848604555,-0.7931395154959051,0,0,ok,
0.02,1.5,2,typ,pv,mu_U_over_2_diagnostic,0.75,0,0.5936388707391808,0.09363887073918076,0.357606328792248,0.2996130243585555,0.1254553648290055,0.008178034651594501,3.259340348952429,0.1254553648290055,1.282375039727375e-06,0.0001635607061400241,130,True,0.001969427132174838,-0.00523936902662664,-0.807902905680477,0,0,ok,
0.02,2,2,typ,pv,target_ne,0.8901819238595127,-0.1098180761404873,0.4953536494826817,-0.004646350517318265,0.248944026468528,0.05206895455870165,0.003037840616464004,0.0001982457967398297,3.2629393995427,0.003037840616464004,-7.370085379458155e-06,3.982796451044258e-06,1,True,0.001915155995326733,-0.08337938422370597,-5.919670452639322,0,0,ok,
0.02,2,2,typ,pv,mu_U_over_2_diagnostic,1,0,0.5990607259600732,0.0990607259600732,0.2466803272373785,0.05184031774080942,0.002925610437238193,0.0001890703915521664,3.231298144578859,0.002925610437238193,-1.268920928158686e-05,3.836444561204816e-06,147,True,0.001996167050620014,-0.08516466656791581,-5.650637274930793,0,0,ok,
